{"0": {"precision": 0.6103092783505155, "recall": 0.347010550996483, "f1-score": 0.44245142002989535, "support": 853.0}, "1": {"precision": 0.7050249328730341, "recall": 0.8198037466547725, "f1-score": 0.7580944524644256, "support": 2242.0}, "2": {"precision": 0.4839779005524862, "recall": 0.6498516320474778, "f1-score": 0.5547815072830906, "support": 674.0}, "3": {"precision": 0.24242424242424243, "recall": 0.2064516129032258, "f1-score": 0.2229965156794425, "support": 155.0}, "4": {"precision": 0.36341463414634145, "recall": 0.3130252100840336, "f1-score": 0.3363431151241535, "support": 476.0}, "5": {"precision": 0.225, "recall": 0.16363636363636364, "f1-score": 0.18947368421052632, "support": 55.0}, "6": {"precision": 0.8214285714285714, "recall": 0.4423076923076923, "f1-score": 0.575, "support": 52.0}, "7": {"precision": 0.4883720930232558, "recall": 0.14685314685314685, "f1-score": 0.22580645161290322, "support": 143.0}, "accuracy": 0.6034408602150537, "macro avg": {"precision": 0.4924939565998059, "recall": 0.38611749443539944, "f1-score": 0.41311839330055466, "support": 4650.0}, "weighted avg": {"precision": 0.5941824596457495, "recall": 0.6034408602150537, "f1-score": 0.5845713371099315, "support": 4650.0}}