{"0": {"precision": 0.6387832699619772, "recall": 0.3939038686987104, "f1-score": 0.4873096446700508, "support": 853.0}, "1": {"precision": 0.7725598526703499, "recall": 0.7484388938447815, "f1-score": 0.7603081105573176, "support": 2242.0}, "2": {"precision": 0.4749290444654683, "recall": 0.744807121661721, "f1-score": 0.5800115540150202, "support": 674.0}, "3": {"precision": 0.2070063694267516, "recall": 0.41935483870967744, "f1-score": 0.2771855010660981, "support": 155.0}, "4": {"precision": 0.34823529411764703, "recall": 0.31092436974789917, "f1-score": 0.32852386237513875, "support": 476.0}, "5": {"precision": 0.30303030303030304, "recall": 0.18181818181818182, "f1-score": 0.22727272727272727, "support": 55.0}, "6": {"precision": 0.5535714285714286, "recall": 0.5961538461538461, "f1-score": 0.5740740740740741, "support": 52.0}, "7": {"precision": 0.31343283582089554, "recall": 0.14685314685314685, "f1-score": 0.2, "support": 143.0}, "accuracy": 0.6002150537634409, "macro avg": {"precision": 0.45144354975810264, "recall": 0.4427817834359955, "f1-score": 0.42933568425380336, "support": 4650.0}, "weighted avg": {"precision": 0.6204694104666951, "recall": 0.6002150537634409, "f1-score": 0.5981734755240529, "support": 4650.0}}