{"0": {"precision": 0.654, "recall": 0.38335287221570924, "f1-score": 0.48337028824833705, "support": 853.0}, "1": {"precision": 0.7604989604989605, "recall": 0.8157894736842105, "f1-score": 0.7871745211964708, "support": 2242.0}, "2": {"precision": 0.4678111587982833, "recall": 0.8086053412462908, "f1-score": 0.5927134312126155, "support": 674.0}, "3": {"precision": 0.3645833333333333, "recall": 0.22580645161290322, "f1-score": 0.2788844621513944, "support": 155.0}, "4": {"precision": 0.4, "recall": 0.31932773109243695, "f1-score": 0.35514018691588783, "support": 476.0}, "5": {"precision": 0.6, "recall": 0.10909090909090909, "f1-score": 0.18461538461538463, "support": 55.0}, "6": {"precision": 0.6585365853658537, "recall": 0.5192307692307693, "f1-score": 0.5806451612903226, "support": 52.0}, "7": {"precision": 0.4339622641509434, "recall": 0.16083916083916083, "f1-score": 0.23469387755102042, "support": 143.0}, "accuracy": 0.6331182795698925, "macro avg": {"precision": 0.5424240377684217, "recall": 0.41775533862654873, "f1-score": 0.4371546641476791, "support": 4650.0}, "weighted avg": {"precision": 0.6353583469565566, "recall": 0.6331182795698925, "f1-score": 0.6156626719724279, "support": 4650.0}}