{"0": {"precision": 0.6365740740740741, "recall": 0.3223915592028136, "f1-score": 0.4280155642023346, "support": 853.0}, "1": {"precision": 0.756368118323747, "recall": 0.8211418376449598, "f1-score": 0.7874251497005988, "support": 2242.0}, "2": {"precision": 0.553757225433526, "recall": 0.7106824925816023, "f1-score": 0.622482131254061, "support": 674.0}, "3": {"precision": 0.2109704641350211, "recall": 0.3225806451612903, "f1-score": 0.25510204081632654, "support": 155.0}, "4": {"precision": 0.3441682600382409, "recall": 0.37815126050420167, "f1-score": 0.36036036036036034, "support": 476.0}, "5": {"precision": 0.5, "recall": 0.2727272727272727, "f1-score": 0.35294117647058826, "support": 55.0}, "6": {"precision": 0.625, "recall": 0.5769230769230769, "f1-score": 0.6, "support": 52.0}, "7": {"precision": 0.35802469135802467, "recall": 0.20279720279720279, "f1-score": 0.25892857142857145, "support": 143.0}, "accuracy": 0.6234408602150537, "macro avg": {"precision": 0.4981078541703292, "recall": 0.45092441844280257, "f1-score": 0.4581568742791051, "support": 4650.0}, "weighted avg": {"precision": 0.6278988002134519, "recall": 0.6234408602150537, "f1-score": 0.6126383476638282, "support": 4650.0}}