{"0": {"precision": 0.6039426523297491, "recall": 0.3950762016412661, "f1-score": 0.47767540751240256, "support": 853.0}, "1": {"precision": 0.7355371900826446, "recall": 0.8336306868867083, "f1-score": 0.781517875810161, "support": 2242.0}, "2": {"precision": 0.5280898876404494, "recall": 0.6973293768545994, "f1-score": 0.6010230179028133, "support": 674.0}, "3": {"precision": 0.2764227642276423, "recall": 0.21935483870967742, "f1-score": 0.2446043165467626, "support": 155.0}, "4": {"precision": 0.32710280373831774, "recall": 0.29411764705882354, "f1-score": 0.30973451327433627, "support": 476.0}, "5": {"precision": 0.45, "recall": 0.16363636363636364, "f1-score": 0.24, "support": 55.0}, "6": {"precision": 0.5892857142857143, "recall": 0.6346153846153846, "f1-score": 0.6111111111111112, "support": 52.0}, "7": {"precision": 0.5, "recall": 0.11888111888111888, "f1-score": 0.192090395480226, "support": 143.0}, "accuracy": 0.6255913978494624, "macro avg": {"precision": 0.5012976265380646, "recall": 0.41958020228549275, "f1-score": 0.4322195797047266, "support": 4650.0}, "weighted avg": {"precision": 0.6119590036666256, "recall": 0.6255913978494624, "f1-score": 0.6069900464420944, "support": 4650.0}}