{"0": {"precision": 0.5265392781316348, "recall": 0.29073856975381007, "f1-score": 0.37462235649546827, "support": 853.0}, "1": {"precision": 0.6176470588235294, "recall": 0.7867975022301517, "f1-score": 0.6920360925853276, "support": 2242.0}, "2": {"precision": 0.38294314381270905, "recall": 0.3397626112759644, "f1-score": 0.360062893081761, "support": 674.0}, "3": {"precision": 0.20588235294117646, "recall": 0.04516129032258064, "f1-score": 0.07407407407407407, "support": 155.0}, "4": {"precision": 0.21052631578947367, "recall": 0.03361344537815126, "f1-score": 0.057971014492753624, "support": 476.0}, "5": {"precision": 0.3333333333333333, "recall": 0.01818181818181818, "f1-score": 0.034482758620689655, "support": 55.0}, "6": {"precision": 0.43243243243243246, "recall": 0.3076923076923077, "f1-score": 0.3595505617977528, "support": 52.0}, "7": {"precision": 0.10782608695652174, "recall": 0.43356643356643354, "f1-score": 0.17270194986072424, "support": 143.0}, "accuracy": 0.5038709677419355, "macro avg": {"precision": 0.35214125027760135, "recall": 0.2819392473001522, "f1-score": 0.26568771262606894, "support": 4650.0}, "weighted avg": {"precision": 0.4904016409321887, "recall": 0.5038709677419355, "f1-score": 0.47271944596812526, "support": 4650.0}}