{"0": {"precision": 0.6323232323232323, "recall": 0.3669402110199297, "f1-score": 0.46439169139465875, "support": 853.0}, "1": {"precision": 0.7378793851005124, "recall": 0.8349687778768956, "f1-score": 0.783427495291902, "support": 2242.0}, "2": {"precision": 0.5395232120451694, "recall": 0.6379821958456974, "f1-score": 0.5846363018354861, "support": 674.0}, "3": {"precision": 0.23387096774193547, "recall": 0.3741935483870968, "f1-score": 0.2878411910669975, "support": 155.0}, "4": {"precision": 0.38571428571428573, "recall": 0.3403361344537815, "f1-score": 0.36160714285714285, "support": 476.0}, "5": {"precision": 0.3142857142857143, "recall": 0.2, "f1-score": 0.24444444444444444, "support": 55.0}, "6": {"precision": 0.5909090909090909, "recall": 0.25, "f1-score": 0.35135135135135137, "support": 52.0}, "7": {"precision": 0.3020833333333333, "recall": 0.20279720279720279, "f1-score": 0.24267782426778242, "support": 143.0}, "accuracy": 0.6210752688172043, "macro avg": {"precision": 0.46707365268165923, "recall": 0.40090225879757546, "f1-score": 0.4150471803137207, "support": 4650.0}, "weighted avg": {"precision": 0.6168595370247664, "recall": 0.6210752688172043, "f1-score": 0.6085534307186232, "support": 4650.0}}