{"0": {"precision": 0.6085578446909667, "recall": 0.4501758499413834, "f1-score": 0.5175202156334232, "support": 853.0}, "1": {"precision": 0.7359073359073359, "recall": 0.8501338090990187, "f1-score": 0.7889072847682119, "support": 2242.0}, "2": {"precision": 0.5870165745856354, "recall": 0.6305637982195845, "f1-score": 0.6080114449213162, "support": 674.0}, "3": {"precision": 0.26811594202898553, "recall": 0.23870967741935484, "f1-score": 0.2525597269624573, "support": 155.0}, "4": {"precision": 0.3864168618266979, "recall": 0.34663865546218486, "f1-score": 0.3654485049833887, "support": 476.0}, "5": {"precision": 0.36, "recall": 0.16363636363636364, "f1-score": 0.225, "support": 55.0}, "6": {"precision": 0.6190476190476191, "recall": 0.5, "f1-score": 0.5531914893617021, "support": 52.0}, "7": {"precision": 0.410958904109589, "recall": 0.2097902097902098, "f1-score": 0.2777777777777778, "support": 143.0}, "accuracy": 0.6412903225806451, "macro avg": {"precision": 0.4970026352746037, "recall": 0.42370604544601254, "f1-score": 0.44855205555103467, "support": 4650.0}, "weighted avg": {"precision": 0.6238501627136578, "recall": 0.6412903225806451, "f1-score": 0.6266533367705189, "support": 4650.0}}