{"0": {"precision": 0.6711798839458414, "recall": 0.406799531066823, "f1-score": 0.5065693430656935, "support": 853.0}, "1": {"precision": 0.7422360248447205, "recall": 0.8528099910793934, "f1-score": 0.7936903279369033, "support": 2242.0}, "2": {"precision": 0.5487053020961775, "recall": 0.6602373887240356, "f1-score": 0.5993265993265994, "support": 674.0}, "3": {"precision": 0.23788546255506607, "recall": 0.34838709677419355, "f1-score": 0.28272251308900526, "support": 155.0}, "4": {"precision": 0.3778337531486146, "recall": 0.31512605042016806, "f1-score": 0.3436426116838488, "support": 476.0}, "5": {"precision": 0.3888888888888889, "recall": 0.12727272727272726, "f1-score": 0.1917808219178082, "support": 55.0}, "6": {"precision": 0.6764705882352942, "recall": 0.4423076923076923, "f1-score": 0.5348837209302325, "support": 52.0}, "7": {"precision": 0.38571428571428573, "recall": 0.1888111888111888, "f1-score": 0.2535211267605634, "support": 143.0}, "accuracy": 0.6376344086021506, "macro avg": {"precision": 0.5036142736786111, "recall": 0.41771895830702777, "f1-score": 0.4382671330888318, "support": 4650.0}, "weighted avg": {"precision": 0.6311571178171037, "recall": 0.6376344086021506, "f1-score": 0.623121459210026, "support": 4650.0}}