{"0": {"precision": 0.6055045871559633, "recall": 0.38686987104337633, "f1-score": 0.4721030042918455, "support": 853.0}, "1": {"precision": 0.7150375939849624, "recall": 0.848349687778769, "f1-score": 0.7760097919216646, "support": 2242.0}, "2": {"precision": 0.5532503457814661, "recall": 0.5934718100890207, "f1-score": 0.572655690765927, "support": 674.0}, "3": {"precision": 0.2874251497005988, "recall": 0.3096774193548387, "f1-score": 0.2981366459627329, "support": 155.0}, "4": {"precision": 0.3664302600472813, "recall": 0.32563025210084034, "f1-score": 0.3448275862068966, "support": 476.0}, "5": {"precision": 0.5, "recall": 0.09090909090909091, "f1-score": 0.15384615384615385, "support": 55.0}, "6": {"precision": 0.7096774193548387, "recall": 0.4230769230769231, "f1-score": 0.5301204819277109, "support": 52.0}, "7": {"precision": 0.3076923076923077, "recall": 0.1958041958041958, "f1-score": 0.23931623931623933, "support": 143.0}, "accuracy": 0.621505376344086, "macro avg": {"precision": 0.5056272079646773, "recall": 0.39672365626963185, "f1-score": 0.42337694927989633, "support": 4650.0}, "weighted avg": {"precision": 0.6064248084747487, "recall": 0.621505376344086, "f1-score": 0.6041047072318837, "support": 4650.0}}