{"0": {"precision": 0.3264812575574365, "recall": 0.6330597889800703, "f1-score": 0.430793777423215, "support": 853.0}, "1": {"precision": 0.75, "recall": 0.727921498661909, "f1-score": 0.7387958352195564, "support": 2242.0}, "2": {"precision": 0.45601851851851855, "recall": 0.2922848664688427, "f1-score": 0.3562386980108499, "support": 674.0}, "3": {"precision": 0.09302325581395349, "recall": 0.05161290322580645, "f1-score": 0.06639004149377593, "support": 155.0}, "4": {"precision": 0.2956204379562044, "recall": 0.17016806722689076, "f1-score": 0.216, "support": 476.0}, "5": {"precision": 0.08333333333333333, "recall": 0.01818181818181818, "f1-score": 0.029850746268656716, "support": 55.0}, "6": {"precision": 1.0, "recall": 0.019230769230769232, "f1-score": 0.03773584905660377, "support": 52.0}, "7": {"precision": 0.0, "recall": 0.0, "f1-score": 0.0, "support": 143.0}, "accuracy": 0.5290322580645161, "macro avg": {"precision": 0.37555960039743075, "recall": 0.23905746399701333, "f1-score": 0.2344756184340822, "support": 4650.0}, "weighted avg": {"precision": 0.5331316689526073, "recall": 0.5290322580645161, "f1-score": 0.5119704836109281, "support": 4650.0}}